{"num": 3, "x": [[0.46362422025201844, 0.4183003409033804, 2.542503410529965], [0.4760339796971782, 0.6152723925559787, 0.4896646373491773], [0.46288973929544747, 0.6147586812904934, 1.6086991257791794]]}