{"num": 1, "x": [[0.5821309363343014, 0.3916614021684054, 0.5193337521727248]]}