{"num": 5, "x": [[0.5821309363343014, 0.3916614021684054, 0.5193337521727248], [0.46376475146597085, 0.4679599816818437, 4.110077240146227], [0.5089650572475027, 0.5877665401106228, 2.8169397122658193], [0.5541672366225388, 0.5660631035445455, 5.437098387100376], [0.47002072678991547, 0.4130708471096676, 1.5437984189796201]]}