{"num": 3, "x": [[0.5183595091019373, 0.4581387451532991, 1.96571282821036], [0.5035689029535828, 0.4534135156228948, 0.6392196883700758], [0.5083612974332812, 0.49497227523963233, 3.3087243078499315]]}