{"num": 4, "x": [[0.46376475146597085, 0.4679599816818437, 3.1100772401462273], [0.5089650572475027, 0.5877665401106228, 1.8169397122658195], [0.5541672366225388, 0.5660631035445455, 4.437098387100376], [0.47002072678991547, 0.4130708471096676, 0.54379841897962]]}