{"num": 2, "x": [[0.6011864172725552, 0.6401842138577506, 1.6873140281236574], [0.385053209325219, 0.3673473170013013, 0.379854239563839]]}