{"num": 8, "x": [[0.39936973619532035, 0.5161765071745322, 3.063660335135325], [0.5429129827074363, 0.49714842941213605, 1.8718118706452485], [0.5916520711942557, 1.5776286113558624, 3.205372686016869], [0.42079260341979924, 0.4761012701122201, 0.5176850218968826], [0.49878342867266895, 1.4987757187289275, 0.6907527145479105], [0.5467475593374054, 0.3506508791568104, 4.283003819166996], [0.4185215108443047, 1.4330466043037784, 4.4545831196709536], [0.3938315426261605, 1.7832897467272786, 1.936134484989222]]}