{"num": 4, "x": [[0.7179606043149227, 0.14394953315231637, 1.7030151111155822], [0.3190481088413648, 1.5393214457121347, 1.4786317932353297], [0.5416391543548461, 0.36683180602616283, 0.5339497365004023], [0.5347582624399422, 1.4622887324961622, 0.4595273917503772]]}