{"num": 6, "x": [[0.4895065989403597, 0.4293931430113848, 3.301586950617335], [0.5672882996078202, 1.562591287651652, 3.5204304910529034], [0.5271621844610648, 0.47364974269761956, 0.5005145310578109], [0.42872694007181983, 1.534428136169006, 0.6687547463427308], [0.5091294296902386, 0.47749256691111164, 1.908472606501554], [0.5283366794337866, 1.590323616270563, 2.1082911679291074]]}