{"num": 9, "x": [[0.49351598667198443, 1.4437443084132542, 5.434991546163608], [0.48733203180141577, 0.40225064781428005, 5.247374252576137], [0.49422117306362845, 1.6851912342309896, 1.2164490478471333], [0.5217623142900661, 0.2554658853090498, 3.6684369462168935], [0.5905849554822854, 0.3174109509147421, 0.7254059081919708], [0.5037505077308159, 1.4572040302140585, 4.09957747347933], [0.48726387473835825, 0.4149569017730655, 2.0902587142163007], [0.49466200175118585, 1.5166092423907251, 2.720857346032665], [0.4752433709808797, 1.2712934735906962, 0.43687990805558347]]}