{"num": 5, "x": [[0.5165100716076142, 0.2955578942797649, 0.767457395059546], [0.5030638772493234, 0.43544635802315845, 2.262728247376378], [0.5595167413115082, 1.3954815684148196, 0.17560910895343393], [0.3694301113530341, 1.559404047140081, 1.4382846281674853], [0.6315177616714074, 1.4616675182740941, 2.613511554526294]]}