{"num": 12, "x": [[0.5198962288146646, 1.4681441700505746, 0.6361850935558206], [0.45101836357599334, 0.40695657158089377, 4.27796571668881], [0.4401494583187593, 2.511534552997263, 0.6161090797442953], [0.38501680154116674, 1.259445926116219, 2.0172283181998885], [0.4588295113466581, 1.4580759580961629, 3.2837023102057405], [0.5088235953939358, 1.2582596520767997, 4.9076216981649425], [0.748225109027582, 0.3561336834885195, 0.3491884458410692], [0.45408165676407675, 0.3156285764468839, 1.6946699107277705], [0.4959801954932601, 0.36522269332154883, 2.937769124013829], [0.5687786585597441, 2.711022927821229, 2.99835665381433], [0.5075112601848312, 2.422314703389115, 4.37159114870949], [0.5454756552860037, 2.390145224386326, 1.9232063045809389]]}