{"num": 8, "x": [[0.2050174920927916, 0.9423480060785177, 1.409549620039827], [0.5568954818389099, 2.450105544159407, 0.30029907787659726], [0.41975353854253544, 1.5451010140014891, 2.4185732463381946], [0.5564365821353273, 1.327567958967109, 0.3117851936099597], [0.45621771081361956, 2.306663565379182, 1.412488149030911], [0.568496465191235, 0.2938873996937423, 2.4256218413874304], [0.6166630642704148, 2.749483321934933, 2.6461697789275496], [0.5242720892172568, 0.2867516578918186, 0.7840222882017107]]}