{"num": 9, "x": [[0.5183595091019373, 0.4581387451532991, 1.96571282821036], [0.5035689029535828, 0.4534135156228948, 0.6392196883700758], [0.5083612974332812, 0.49497227523963233, 3.3087243078499315], [0.4895065989403597, 1.4293931430113849, 3.301586950617335], [0.5672882996078202, 2.562591287651652, 3.5204304910529034], [0.5271621844610648, 1.4736497426976196, 0.5005145310578109], [0.42872694007181983, 2.534428136169006, 0.6687547463427308], [0.5091294296902386, 1.4774925669111116, 1.908472606501554], [0.5283366794337866, 2.590323616270563, 2.1082911679291074]]}