{"num": 14, "x": [[0.5821309363343014, 0.3916614021684054, 0.5193337521727248], [0.46376475146597085, 0.4679599816818437, 4.110077240146227], [0.5089650572475027, 0.5877665401106228, 2.8169397122658193], [0.5541672366225388, 0.5660631035445455, 5.437098387100376], [0.47002072678991547, 0.4130708471096676, 1.5437984189796201], [0.49351598667198443, 2.443744308413254, 5.434991546163608], [0.48733203180141577, 1.40225064781428, 5.247374252576137], [0.49422117306362845, 2.68519123423099, 1.2164490478471333], [0.5217623142900661, 1.2554658853090497, 3.6684369462168935], [0.5905849554822854, 1.317410950914742, 0.7254059081919708], [0.5037505077308159, 2.4572040302140588, 4.09957747347933], [0.48726387473835825, 1.4149569017730654, 2.0902587142163007], [0.49466200175118585, 2.516609242390725, 2.720857346032665], [0.4752433709808797, 2.2712934735906964, 0.43687990805558347]]}