{"num": 15, "x": [[0.5314122522893321, 0.33321557407734836, 2.322842529600059], [0.42594630133912587, 3.439093386265424, 0.5799864061208869], [0.5115796599820199, 2.5008823658409773, 2.213135414948805], [0.48442221262029667, 2.5909053958108945, 0.8088424158738203], [0.47484360793859776, 0.5822455642548277, 3.7601322251711093], [0.5992434737549955, 3.6841007601719227, 2.015856815317449], [0.4625048962666412, 3.5412271416075636, 3.48947737144892], [0.4965383803513425, 0.3275860685823435, 0.7992114791855147], [0.47364571925866567, 1.9566998749541011, 4.305521931334329], [0.5213014230130185, 3.244917473756594, 4.641318697859079], [0.517623417589953, 1.5188200424193699, 0.04022966310333076], [0.5139207341013315, 1.5925189372487343, 2.427281031123411], [0.5476310240794422, 2.0825282434516352, 3.462487741276081], [0.49993289010466113, 0.8020374563100847, 4.6956012645424785], [0.298372028244571, 1.386185067004535, 1.2300395206895938]]}