{"num": 12, "x": [[0.6729005486902623, 3.5271313017627266, 3.910803986940769], [0.4879479608108272, 3.625722545401929, 0.7407083189187884], [0.4708030941157292, 0.15532637996013404, 3.3281780602458046], [0.45906600070221387, 2.58140126870917, 0.5402447421872664], [0.5256097683061703, 1.3852479419260237, 0.6009742080210384], [0.5120354368179891, 1.2535519111511384, 3.411485705550348], [0.47432905359929683, 0.2041350616305817, 0.6378831599170084], [0.474440006593115, 1.9837685702516168, 2.0097937288671863], [0.27389759620003784, 3.5411139884961624, 2.677137834914302], [0.5078566384449213, 0.6702482925830047, 1.9739378358336634], [0.5146799100189069, 3.2099318435903035, 1.8088564345907339], [0.5340188237383812, 2.346727841770523, 3.308032779587918]]}