{"num": 19, "x": [[0.46376475146597085, 0.4679599816818437, 3.1100772401462273], [0.5089650572475027, 0.5877665401106228, 1.8169397122658195], [0.5541672366225388, 0.5660631035445455, 4.437098387100376], [0.47002072678991547, 0.4130708471096676, 0.54379841897962], [0.5314122522893321, 1.3332155740773484, 2.322842529600059], [0.42594630133912587, 4.439093386265424, 0.5799864061208869], [0.5115796599820199, 3.5008823658409773, 2.213135414948805], [0.48442221262029667, 3.5909053958108945, 0.8088424158738203], [0.47484360793859776, 1.5822455642548277, 3.7601322251711093], [0.5992434737549955, 4.684100760171923, 2.015856815317449], [0.4625048962666412, 4.541227141607564, 3.48947737144892], [0.4965383803513425, 1.3275860685823435, 0.7992114791855147], [0.47364571925866567, 2.956699874954101, 4.305521931334329], [0.5213014230130185, 4.244917473756594, 4.641318697859079], [0.517623417589953, 2.51882004241937, 0.04022966310333076], [0.5139207341013315, 2.5925189372487343, 2.427281031123411], [0.5476310240794422, 3.0825282434516352, 3.462487741276081], [0.49993289010466113, 1.8020374563100847, 4.6956012645424785], [0.298372028244571, 2.386185067004535, 1.2300395206895938]]}