{"num": 18, "x": [[1.6882091771458279, 0.36260884956918055, 5.223613670792718], [0.3627972145615119, 0.37186409497874257, 4.050547304456129], [1.776217807924908, 1.4694424955974072, 5.231792837840022], [0.5696455129631822, 0.47713846882563626, 2.5748334782506315], [1.7645461430779847, 1.6099638249987043, 3.5467459460893953], [0.5937789703093947, 1.6416066173336548, 4.48047107481935], [1.6593636231160918, 0.4349811535079059, 2.207799257865469], [1.6959328869625256, 0.33323204128001854, 3.8686331254204847], [1.3151199773837512, 1.8194583803550002, 0.4753660012558806], [1.7464444650429427, 0.6497893947059888, 0.7069963003560181], [0.4506998134340305, 1.5705487764289252, 2.9855534966486768], [0.8101540384548681, 1.5795038322105166, 5.606513541619214], [1.572429690433644, 1.528177307334384, 1.9186507752746167], [0.45223395722342385, 0.4596032294992349, 5.539306451589143], [0.8252041658947591, 0.06817357010668594, 0.5339917860803068], [0.1945688914877757, 1.0742942099447055, 0.2336487326383222], [0.36479533938411496, 0.34524787168617155, 1.0528972649604098], [0.3037695063360289, 1.6280621552475711, 1.384215836810676]]}