{"num": 15, "x": [[1.6501441377816095, 1.367575892573433, 3.2416821979167545], [1.85954611710558, 1.4799490737420324, 1.7939125627468617], [0.6821739763992843, 0.42482849243883053, 4.672608678843601], [0.531567484143883, 1.715598357241202, 1.8358401074589812], [0.4703972700872362, 0.45781185910913424, 3.3314118180147485], [0.3735356237463332, 1.5772132402892312, 4.311560105168047], [1.395417334046595, 1.4595261689686865, 0.4028639934750783], [1.5799343891000608, 0.08686954347451345, 2.33598429627721], [0.48504340564962123, 1.8639495872637224, 2.8382540153916516], [0.45659877675356647, 0.2804940608380785, 0.784739705554139], [0.5143577781516049, 1.3576748954236, 0.5457230953985885], [1.4633766282593044, 0.3820840897148869, 0.7432564128508903], [1.843675401902044, 0.24439843634287356, 4.107269145384427], [1.4979793922927964, 1.3558320740537924, 4.47995050827194], [0.4607375170271869, 0.5980855286566381, 1.9493499008015014]]}