{"num": 8, "x": [[0.3838007330681822, 0.46363636495551624, 1.6465798259978703], [1.5911694870653093, 0.41192030754893905, 0.4243863234019828], [1.9229985522337605, 1.9294986701084416, 0.23000806966138188], [0.1515346740548933, 0.41632007082126754, 0.40923569805753324], [0.664469682430114, 1.6299256720664141, 0.6042474842104147], [1.6022214087395816, 0.610575857272891, 1.8336587224018772], [0.3509225072210755, 1.585548698329342, 1.677800553052084], [1.989129144615767, 1.5468292461622075, 1.6737831498811209]]}