{"num": 10, "x": [[1.609765350490289, 1.624169749971513, 0.7424768457079155], [1.2852968467247838, 0.5365808636888427, 2.787922615231994], [0.2622174950702103, 0.47259084054221556, 2.211287171661676], [0.4197101749528449, 0.4406456630585497, 0.7429269661342379], [0.38713524235169394, 1.7004750261738626, 1.685507203773782], [0.7320645903894526, 1.5112619890639465, 2.7089877293641575], [0.36080970026488124, 1.3980404613755668, 0.19079054384638017], [1.4866654506315056, 0.42125063596984746, 1.6947507434456952], [1.673442552974693, 0.31141896102670086, 0.2428244377143783], [1.6015801748553813, 1.6855608294797368, 2.2718502370378633]]}