{"num": 12, "x": [[1.4782950887536743, 0.4143979267449603, 3.3281879297939625], [0.4601963412033062, 1.610561394030606, 3.631142520915791], [1.4489427267934931, 1.620787153397815, 0.7020093147818678], [0.4264318678897175, 0.5411426841712402, 0.4217835170879144], [1.9701799819925916, 0.05873182599599521, 1.8680286505326713], [1.6371292489845286, 1.549384149294911, 3.463027325275247], [0.5669505339965999, 1.555582768978568, 2.1685830261516603], [0.3427752161473795, 0.31367738281225876, 3.2878109284119206], [0.39814927990814697, 1.5636091671027335, 0.7296528442635768], [1.657454035656659, 1.450918391356333, 2.0723491886112533], [1.7001869565616357, 0.5602621478822887, 0.6141308442553595], [0.5997436676978772, 0.42602636765261004, 1.7978249424696262]]}