{"num": 15, "x": [[1.822368575277325, 2.4978618488744333, 0.4587140710233168], [1.6970814093328555, 0.7337242865392278, 2.3964688750963923], [1.834057095343071, 2.7622740887617154, 2.1843220493083426], [0.40615571575521264, 2.432949994830275, 0.28390678370073147], [0.2007118392828131, 1.9053487808994514, 1.4508541561782136], [0.7168969544049107, 0.32931302342000207, 2.44921688611774], [0.5303123183970734, 0.2818491268725059, 1.2600926593515989], [0.41643865038329, 2.7815279933653603, 2.9705995929117845], [0.32339446532736854, 1.299927834104774, 2.4212050191513943], [1.6082906871888045, 0.6562134633700327, 0.13639777987585014], [1.5606534827378473, 0.5635062642558375, 1.3157231981231674], [1.513491997113106, 1.6333984098157062, 0.7873952454633104], [0.5323896587448343, 0.7865093845306125, 0.30134140685785227], [0.674888629737525, 2.7992913806241853, 1.6664433474700624], [1.555794742152826, 1.7931320468028007, 2.2740788376899266]]}