{"num": 23, "x": [[0.5161765071745322, 0.39936973619532035, 3.063660335135325], [0.49714842941213605, 0.5429129827074363, 1.8718118706452485], [1.5776286113558624, 0.5916520711942557, 3.205372686016869], [0.4761012701122201, 0.42079260341979924, 0.5176850218968826], [1.4987757187289275, 0.49878342867266895, 0.6907527145479105], [0.3506508791568104, 0.5467475593374054, 4.283003819166996], [1.4330466043037784, 0.4185215108443047, 4.4545831196709536], [1.7832897467272786, 0.3938315426261605, 1.936134484989222], [1.6501441377816095, 2.367575892573433, 3.2416821979167545], [1.85954611710558, 2.4799490737420324, 1.7939125627468617], [0.6821739763992843, 1.4248284924388306, 4.672608678843601], [0.531567484143883, 2.715598357241202, 1.8358401074589812], [0.4703972700872362, 1.4578118591091342, 3.3314118180147485], [0.3735356237463332, 2.577213240289231, 4.311560105168047], [1.395417334046595, 2.4595261689686865, 0.4028639934750783], [1.5799343891000608, 1.0868695434745135, 2.33598429627721], [0.48504340564962123, 2.8639495872637224, 2.8382540153916516], [0.45659877675356647, 1.2804940608380786, 0.784739705554139], [0.5143577781516049, 2.3576748954236, 0.5457230953985885], [1.4633766282593044, 1.382084089714887, 0.7432564128508903], [1.843675401902044, 1.2443984363428735, 4.107269145384427], [1.4979793922927964, 2.3558320740537924, 4.47995050827194], [0.4607375170271869, 1.5980855286566382, 1.9493499008015014]]}