{"num": 18, "x": [[1.6368381771022178, 1.5438942460147687, 3.22967933231996], [0.6828444760923926, 2.831871771917566, 3.880200233042914], [1.7548418217410435, 0.7281044842735933, 0.6320777419830347], [0.5301437161874892, 1.6149002939366472, 0.37584125003111557], [0.5051573757090206, 0.5036604149436056, 2.4162009511818043], [1.7189499822727998, 2.514829825313795, 3.1732736275398055], [0.6867896688798235, 1.6275622277976203, 1.679570582374488], [0.2949995283204301, 1.6775724879891216, 3.7406727656965124], [0.594989247318534, 2.684852877564633, 0.7178278205756987], [1.7493374116069325, 2.3108105065405042, 1.6722295869114556], [0.6020710415375427, 0.31361434005881245, 0.0], [0.654747097291302, 0.46335085834796713, 1.1714963401078404], [0.5898713447940297, 2.6300591990206375, 2.1654714199238536], [1.7561450173070563, 2.2733744621865077, 0.4013051932863236], [1.7091404104117416, 0.7181682014476961, 1.9003055714808668], [0.17389708673759585, 2.0357229464922457, 3.0088345754396966], [1.7255457112408432, 0.3220985799307513, 3.371695958259301], [0.5628005425429892, 0.5700464745367465, 3.509577554600371]]}