{"num": 28, "x": [[0.4293931430113848, 3.301586950617335, 0.4895065989403597], [1.562591287651652, 3.5204304910529034, 0.5672882996078202], [0.47364974269761956, 0.5005145310578109, 0.5271621844610648], [1.534428136169006, 0.6687547463427308, 0.42872694007181983], [0.47749256691111164, 1.908472606501554, 0.5091294296902386], [1.590323616270563, 2.1082911679291074, 0.5283366794337866], [1.6148610318766248, 1.8591813897278409, 3.430560750873331], [1.7036531821222012, 3.3717535374217875, 4.384556878343879], [1.4593581260670405, 2.439283795403592, 2.4679130446695194], [0.627376753956162, 2.906385741577739, 4.332179021328728], [1.2920554367546238, 0.5234192309395647, 1.1641682998175709], [0.510033836122801, 3.806656355821954, 2.740367225870405], [1.6117639603152596, 3.6674647299746534, 1.4132534504758567], [0.5658464345446491, 3.758528115250146, 4.346376437772689], [1.8691082411904907, 0.9437885786688085, 1.8823056500901156], [1.6889111664415755, 3.436159875051332, 3.0194425344497744], [0.3548181910200754, 1.5314626788008914, 1.4146922616489308], [0.2415319725461997, 2.7066754510850113, 3.1637207925025836], [0.31747196963759444, 3.214036253492518, 1.4079098876219547], [1.4075474760305118, 0.5570099866419458, 2.7528326599974307], [1.7890224269842034, 0.40994573759473674, 4.211139352901297], [1.6287899051882377, 1.8818690981647488, 4.808590870748679], [1.4372883985712925, 2.118626001545495, 1.3771910921178327], [0.6696776901002134, 0.6101276528347899, 4.592825678145485], [0.39566381968223063, 0.6071028363904887, 3.505305844578063], [0.33779327744021376, 1.8733647521698331, 4.339506409711426], [0.15647063757797405, 0.2641305543870607, 1.879899405176916], [0.3138962051217619, 1.8239025121856487, 2.565506483126435]]}