{"num": 34, "x": [[1.6754666750781342, 2.111331210435567, 4.347049918697235], [0.3075581851276742, 1.6984072890844006, 3.543128890033167], [1.659882566463518, 3.535334677164332, 4.5539112765729985], [0.36577512951354113, 0.3980999461575908, 2.649230016685008], [1.3719382669714655, 4.4081390556601425, 3.121386910480541], [0.2550239690090904, 4.219733867122313, 3.276180690899784], [1.9852627158815073, 1.201002262307666, 1.5498485958575492], [1.5709664596941078, 1.792683215256499, 2.8387376735431435], [1.6853208771507984, 4.314811319260883, 0.4882396281143303], [1.7415648917800368, 2.6383002235718447, 0.34547896324087335], [1.534881006297018, 3.223006607284713, 3.0637291525954313], [0.4879417858883121, 1.7610065757334292, 4.706527030496235], [1.6918918619416918, 2.9941735458230765, 1.7010802928741027], [1.6521417170952073, 0.6200204147402737, 4.618831622837715], [1.3789512676866937, 0.2649287792242818, 0.6536759658085785], [0.4671093387701424, 2.443519960428886, 0.5950151104223631], [0.8920456571149444, 1.781510897962274, 1.469715570834809], [0.6202047728086997, 3.647328745775582, 0.5434752269895666], [1.381170785880027, 4.646474389749463, 4.304722943231499], [1.4880680113114588, 0.34256050760335693, 2.117759305858566], [0.24780170257211792, 4.597905628056764, 1.9884393683471575], [1.4395011224118817, 1.3023180150291804, 0.5537360481879758], [0.29899399789970044, 0.2823170794204959, 4.328079152612999], [0.24965131412651245, 1.5830960787142796, 1.8561185843181613], [0.5718714136868578, 3.112792519612623, 4.389698576683718], [0.3155990968735891, 4.472497629856387, 4.578172710178498], [0.190444463554474, 1.1968700113322983, 0.5500259467514149], [1.5527663774392553, 1.7634815816871574, 1.0521634999597442], [1.538038597129409, 0.5953400547565935, 3.5459931252829615], [0.3048624945446422, 0.23819825781453902, 0.8913782643047593], [0.47288513905975266, 3.279051776143586, 1.8289347014156752], [0.5386986085760815, 2.791193455872273, 2.960097403444205], [1.6234353083305966, 4.507143311723301, 1.8629897752990792], [0.3868091529106208, 4.857546947166496, 0.6041218441343449]]}