{"num": 34, "x": [[1.4404008028597433, 1.355429538877885, 0.47340297377926854], [0.10563333471859866, 0.05345790158450545, 3.5201451178934953], [2.7454915652486656, 2.3712427656325095, 0.6005792770323409], [2.6141170500708957, 1.9459533700420601, 2.149650828103182], [0.6708083768705424, 1.3027549100352716, 3.204191083102006], [2.577901040580753, 0.4708376832911015, 4.302233750016343], [2.0690524523197062, 0.2743233463363578, 0.17369985491634962], [2.861510784487832, 0.5273269671787943, 1.1357909765128444], [1.5050217372800372, 0.5007632109548191, 4.705458062183104], [2.2800224177712733, 2.9029517606869364, 1.919815127122818], [0.5418815584128306, 0.615597659429395, 4.4701140443978025], [0.32625422751546374, 1.6334988078562747, 1.6156303915058925], [2.3076563563684327, 1.5769900822521752, 3.285673087066532], [2.269088304419149, 1.2570970182238919, 1.6116649862965213], [2.6851658054891585, 2.4122025001870746, 4.488442837570013], [0.30979474671313506, 2.279031661551134, 3.1300046228118372], [1.4677212873324035, 0.5255867506156702, 3.191067700019742], [1.6199312568596995, 0.11943385288695217, 1.4420284763821323], [0.0, 0.0, 2.630241067208988], [0.7262002844254783, 0.7345987172242074, 2.173394245506329], [1.4943333910885184, 1.7117679763845801, 1.9050199200151905], [2.631991922303097, 0.40275926921992794, 2.759906822029546], [1.5238665613750852, 2.5766384988728195, 3.308748579130027], [0.3857583888949003, 2.589445459638444, 4.530919572305508], [2.300489520502384, 1.2232961485693818, 0.10514971379796124], [0.7588848152723902, 1.6079752469302964, 4.447275218838896], [1.4862129398202737, 2.6837994284749596, 0.4881086977380412], [1.5373939751121704, 2.530129739951115, 4.752550106513313], [2.2683874452343282, 1.3394082832469765, 4.40048556972977], [2.5561989751757657, 2.5062494465736265, 3.0487881293837855], [0.5648325487162028, 0.7363634770227249, 0.3656822093431949], [0.4599306140066273, 0.4871116998988922, 1.3092915324254966], [0.6293279112780528, 2.7468590175188594, 1.8487356432773254], [0.19395001182406313, 2.359735910853935, 0.3871410351501624]]}