{"num": 21, "x": [[2.2594752881926183, 1.303987846245705, 1.6525554164098661], [2.8239160368286957, 2.6299566691807894, 2.287945921913795], [2.366122812375253, 1.9641463467092295, 1.1739660587210117], [0.3666594441347632, 2.7345818408781097, 2.237731592991203], [1.66262479982037, 0.4592502140982943, 0.0], [1.677755807660843, 2.881999406631363, 0.816648696437744], [3.0, 1.7367680059449553, 0.19174521109547726], [1.7074915291619415, 2.574418653131557, 2.4974618812912786], [1.6221650488987573, 0.7029788241583846, 1.1556864722593019], [2.7294525484152827, 2.709308421281161, 0.7398085223923241], [0.3272064179215553, 1.2786683389843574, 0.7446484695744886], [0.8970932934380259, 2.0769255979088377, 1.6198273444574063], [0.32764599833104124, 2.658467789587289, 0.49559686950219395], [2.639385186902053, 0.3268790355648534, 0.5963333042243965], [2.642951791242929, 0.30244617154824255, 2.331747697505953], [2.202854389270504, 1.4169469475166865, 2.784088640711859], [1.5839064572443657, 1.7202156406780489, 0.09551004672890356], [1.3834682902584714, 0.43645748897188236, 2.3698744769520195], [0.3843179293224642, 0.5386358981253035, 2.2730697560984865], [0.5431385599244304, 1.6101310385844216, 2.449057755030119], [0.4537880762681673, 0.33906276421936477, 0.810562544874868]]}