{"num": 27, "x": [[0.674455756673023, 2.3355660410054684, 2.6479651009104375], [2.700844148158311, 2.5494154851230575, 1.5503506323924614], [0.16132557032581066, 0.860410321282229, 3.5287061730000673], [1.272592648120962, 2.6290774696360373, 1.4417103676133083], [0.7120719579571785, 1.4090917172545707, 2.37781615737431], [0.4865375909100678, 2.4592504420006467, 3.558743886323196], [2.2680244156033535, 2.76948449716849, 0.2645696164185156], [2.8321692140378776, 0.3639472713928439, 1.9872967874910576], [0.4057215049877874, 2.9295773200332578, 1.4851547152190592], [0.19279604069263453, 0.44443846395860165, 1.4897229156958953], [2.2428274435661004, 1.6692458084632114, 0.4119368566607439], [2.6749957983209423, 0.6660892673361444, 0.4840821106889114], [2.2007043873900676, 1.5442633430347117, 2.67034983531973], [1.4291942995333107, 1.7141301506572697, 3.459762556322504], [0.6747569762753239, 1.8082201811834826, 1.294581763969514], [1.5673961997713923, 0.6907063700041278, 0.17753745549986344], [2.257551721100631, 2.6876440377255046, 2.6066036613071453], [0.14062829054901613, 0.1608809500130109, 2.2109890084571626], [1.4788246314120432, 0.3944687305008348, 1.1864078168284333], [2.096027251217301, 2.85682913680515, 3.5990626553393414], [0.3875582706186669, 0.8068306339603729, 0.22305418567191074], [1.4246143093118135, 0.4762077755621122, 2.409254229867911], [0.6623317278669907, 2.335227808296921, 0.25888162505781376], [2.525307343015629, 1.992381567471856, 3.758178025708549], [2.296028094534048, 1.7283155410128677, 1.6377551071910341], [2.49936499827607, 0.5580682253239716, 3.39713259144271], [1.2163737395660368, 0.25653895382178854, 3.7392602595988227]]}