{"num": 34, "x": [[0.6729005486902623, 3.5271313017627266, 3.910803986940769], [0.4879479608108272, 3.625722545401929, 0.7407083189187884], [0.4708030941157292, 0.15532637996013404, 3.3281780602458046], [0.45906600070221387, 2.58140126870917, 0.5402447421872664], [0.5256097683061703, 1.3852479419260237, 0.6009742080210384], [0.5120354368179891, 1.2535519111511384, 3.411485705550348], [0.47432905359929683, 0.2041350616305817, 0.6378831599170084], [0.474440006593115, 1.9837685702516168, 2.0097937288671863], [0.27389759620003784, 3.5411139884961624, 2.677137834914302], [0.5078566384449213, 0.6702482925830047, 1.9739378358336634], [0.5146799100189069, 3.2099318435903035, 1.8088564345907339], [0.5340188237383812, 2.346727841770523, 3.308032779587918], [2.6148610318766248, 1.8591813897278409, 2.430560750873331], [2.703653182122201, 3.3717535374217875, 3.3845568783438793], [2.4593581260670403, 2.439283795403592, 1.4679130446695194], [1.6273767539561619, 2.906385741577739, 3.332179021328728], [2.292055436754624, 0.5234192309395647, 0.16416829981757078], [1.510033836122801, 3.806656355821954, 1.7403672258704053], [2.6117639603152596, 3.6674647299746534, 0.4132534504758567], [1.5658464345446492, 3.758528115250146, 3.346376437772689], [2.8691082411904905, 0.9437885786688085, 0.8823056500901156], [2.6889111664415752, 3.436159875051332, 2.0194425344497744], [1.3548181910200754, 1.5314626788008914, 0.41469226164893086], [1.2415319725461997, 2.7066754510850113, 2.1637207925025836], [1.3174719696375945, 3.214036253492518, 0.4079098876219548], [2.407547476030512, 0.5570099866419458, 1.7528326599974304], [2.7890224269842037, 0.40994573759473674, 3.211139352901297], [2.6287899051882375, 1.8818690981647488, 3.808590870748679], [2.4372883985712925, 2.118626001545495, 0.3771910921178327], [1.6696776901002135, 0.6101276528347899, 3.592825678145485], [1.3956638196822306, 0.6071028363904887, 2.505305844578063], [1.3377932774402137, 1.8733647521698331, 3.339506409711426], [1.156470637577974, 0.2641305543870607, 0.8798994051769159], [1.313896205121762, 1.8239025121856487, 1.565506483126435]]}