{"num": 43, "x": [[1.4513924339755564, 1.8462899722203852, 0.46427619654545865], [0.3923085180693548, 0.3711824426342648, 4.279125624940895], [2.0732143122150646, 2.9333773446409466, 0.23167344267972056], [2.982000535146805, 2.142446209464686, 2.5867397659435447], [0.4488356583832181, 1.5145198702025802, 3.0725865833298864], [2.6889695788072023, 0.3658844113744719, 4.744427078496876], [2.3643551409017847, 0.479705551392389, 0.0318870795187053], [2.879459333035806, 0.4363028831931492, 1.0146609493269605], [1.3589721064589244, 0.4878566678464715, 4.246550458917976], [2.212032273081864, 3.8727281320601072, 1.5270075382661632], [0.47649526424094946, 1.799353653106802, 4.881129489501816], [0.4071228293758232, 2.7543733967959843, 0.658039004082997], [1.604952686081656, 1.8737847836875108, 3.1134497560746555], [2.5008009061440157, 1.6994270890880492, 1.5727426740385313], [2.571215864951952, 3.1166041009261156, 4.82238152091823], [0.3603297342391217, 3.2109807013509215, 3.086021556918106], [0.8653728153641395, 0.261810843658929, 3.174027745998681], [1.7945286406447085, 0.6050193886172698, 1.3806985429264655], [0.5701584404016505, 0.455972285904031, 2.161890197330608], [0.19463309698910844, 2.227572925449423, 2.2045459986733875], [1.3658110088292204, 2.78945252693869, 1.8305655865192436], [2.5045318813409168, 0.6364633817318717, 3.2876497309204464], [1.3872025700261148, 3.5553269411481754, 3.2355429349391076], [0.22914358758556438, 3.6340605564673805, 4.270435666032257], [2.400672066753838, 1.9222669617213102, 0.3530325606897379], [0.6351611696073697, 2.6297212310963185, 4.359399687031899], [2.4703932019505896, 4.0, 0.06821708502496306], [1.532381685487246, 3.41783500566188, 4.668978589852314], [2.6339857226197614, 1.7270251417071585, 4.23471906994717], [2.2519669877878203, 3.4853883989398384, 2.500911001202287], [0.31119105384751083, 1.214359270943164, 0.10690480061990122], [0.22475331671728194, 1.4540780709911865, 1.1236593396023147], [0.5978862847651091, 3.6618133077194646, 1.8974810384621947], [0.7416513452006391, 3.6895363938485977, 0.586286584435974], [2.782283661762741, 3.575665778558335, 3.781299401273302], [2.0723983308660245, 0.610534036239704, 0.1931060818507473], [2.34679715412073, 2.6722848485382302, 3.839168213837405], [0.6567415090722287, 0.10211906250808439, 0.7334477585116808], [2.2632826970689286, 0.519874516434528, 2.321590557039215], [1.435925702284254, 1.7118754769536058, 4.663279984719818], [2.5273367964349034, 3.190748100922465, 1.2238873980419152], [1.1863942403752343, 1.156190666514774, 1.9127722522580353], [0.44834466087265074, 1.8619761477036076, 4.145598644673317]]}