{"num": 53, "x": [[0.46376475146597085, 0.4679599816818437, 3.1100772401462273], [0.5089650572475027, 0.5877665401106228, 1.8169397122658195], [0.5541672366225388, 0.5660631035445455, 4.437098387100376], [0.47002072678991547, 0.4130708471096676, 0.54379841897962], [0.5314122522893321, 1.3332155740773484, 2.322842529600059], [0.42594630133912587, 4.439093386265424, 0.5799864061208869], [0.5115796599820199, 3.5008823658409773, 2.213135414948805], [0.48442221262029667, 3.5909053958108945, 0.8088424158738203], [0.47484360793859776, 1.5822455642548277, 3.7601322251711093], [0.5992434737549955, 4.684100760171923, 2.015856815317449], [0.4625048962666412, 4.541227141607564, 3.48947737144892], [0.4965383803513425, 1.3275860685823435, 0.7992114791855147], [0.47364571925866567, 2.956699874954101, 4.305521931334329], [0.5213014230130185, 4.244917473756594, 4.641318697859079], [0.517623417589953, 2.51882004241937, 0.04022966310333076], [0.5139207341013315, 2.5925189372487343, 2.427281031123411], [0.5476310240794422, 3.0825282434516352, 3.462487741276081], [0.49993289010466113, 1.8020374563100847, 4.6956012645424785], [0.298372028244571, 2.386185067004535, 1.2300395206895938], [2.675466675078134, 2.111331210435567, 4.347049918697235], [1.3075581851276743, 1.6984072890844006, 3.543128890033167], [2.659882566463518, 3.535334677164332, 4.5539112765729985], [1.3657751295135412, 0.3980999461575908, 2.649230016685008], [2.3719382669714655, 4.4081390556601425, 3.121386910480541], [1.2550239690090903, 4.219733867122313, 3.276180690899784], [2.9852627158815075, 1.201002262307666, 1.5498485958575492], [2.570966459694108, 1.792683215256499, 2.8387376735431435], [2.685320877150798, 4.314811319260883, 0.4882396281143303], [2.741564891780037, 2.6383002235718447, 0.34547896324087335], [2.534881006297018, 3.223006607284713, 3.0637291525954313], [1.4879417858883122, 1.7610065757334292, 4.706527030496235], [2.691891861941692, 2.9941735458230765, 1.7010802928741027], [2.6521417170952075, 0.6200204147402737, 4.618831622837715], [2.378951267686694, 0.2649287792242818, 0.6536759658085785], [1.4671093387701424, 2.443519960428886, 0.5950151104223631], [1.8920456571149444, 1.781510897962274, 1.469715570834809], [1.6202047728086997, 3.647328745775582, 0.5434752269895666], [2.381170785880027, 4.646474389749463, 4.304722943231499], [2.4880680113114586, 0.34256050760335693, 2.117759305858566], [1.247801702572118, 4.597905628056764, 1.9884393683471575], [2.4395011224118814, 1.3023180150291804, 0.5537360481879758], [1.2989939978997005, 0.2823170794204959, 4.328079152612999], [1.2496513141265124, 1.5830960787142796, 1.8561185843181613], [1.571871413686858, 3.112792519612623, 4.389698576683718], [1.3155990968735891, 4.472497629856387, 4.578172710178498], [1.190444463554474, 1.1968700113322983, 0.5500259467514149], [2.552766377439255, 1.7634815816871574, 1.0521634999597442], [2.5380385971294093, 0.5953400547565935, 3.5459931252829615], [1.304862494544642, 0.23819825781453902, 0.8913782643047593], [1.4728851390597526, 3.279051776143586, 1.8289347014156752], [1.5386986085760817, 2.791193455872273, 2.960097403444205], [2.6234353083305963, 4.507143311723301, 1.8629897752990792], [1.3868091529106208, 4.857546947166496, 0.6041218441343449]]}