{"num": 54, "x": [[0.27618596, 0.76281887, 3.10000501], [3.23685208, 3.40733282, 0.21723919], [1.29233707, 2.13112987, 4.63046765], [3.4903071, 0.56934061, 4.43371659], [3.48089, 3.67198239, 3.71439912], [2.45509455, 1.91936543, 4.70881248], [1.88358257, 3.44952921, 2.355211], [0.43753699, 0.13647608, 4.56525426], [2.75627695, 0.30541313, 2.60009418], [0.24942043, 3.47127905, 3.44329071], [0.01438617, 2.25305353, 4.17743126], [3.30201109, 1.56537326, 0.91264079], [0.29292214, 2.18134044, 1.53093292], [0.44897045, 0.60517166, 1.87330925], [3.26752718, 3.53892855, 2.4531169], [2.07076664, 3.55746368, 4.57799862], [3.44747299, 0.558562, 1.87222341], [2.22661441, 3.91861413, 1.02480207], [1.8658808, 1.6027366, 1.55397133], [2.45756904, 1.18097122, 3.61005922], [3.77596131, 3.49950025, 1.20302453], [2.29981612, 2.61417306, 0.45606954], [0.63050674, 1.98702111, 2.67431002], [2.45797575, 1.89908157, 2.47301882], [0.65440554, 3.35622697, 0.35264409], [3.51541414, 3.30502362, 4.79503581], [2.09838201, 0.13922364, 0.15669193], [2.32046961, 2.52433183, 3.58062118], [1.34635467, 0.49528677, 3.6240844], [2.0326747, 0.28413559, 1.21342609], [2.85199952, 0.39788143, 3.57713627], [0.58285639, 1.11582257, 4.55530573], [1.07551564, 0.63079104, 0.30920537], [3.58571028, 0.54435468, 0.64268133], [0.41916384, 3.54394836, 2.59904529], [1.2805542, 1.24688106, 3.40040914], [1.90770893, 3.78334033, 3.61541124], [3.5556956, 2.37502834, 3.34062111], [3.72630171, 2.07280193, 2.16582583], [2.11279624, 0.51372315, 4.7461161], [0.61659034, 3.66661878, 1.28549158], [0.84484606, 0.70462331, 0.81594618], [3.83804728, 1.99350881, 0.51293923], [0.11416265, 0.7437188, 0.59764648], [2.32405591, 1.51686459, 0.38696993], [1.91218465, 3.23195716, 0.16698628], [2.77172155, 2.60838491, 1.22684517], [0.651645, 3.3953308, 4.55826889], [3.73250135, 0.67634325, 3.14013221], [1.21219328, 2.68671968, 3.17094522], [1.47706595, 2.97292852, 1.68451562], [3.72658436, 1.95787866, 4.40876771], [1.52577288, 0.48013574, 2.34351066], [0.7045365, 2.11469612, 0.35631551]]}