{"num": 44, "x": [[1.6148610318766248, 1.8591813897278409, 2.430560750873331], [1.7036531821222012, 3.3717535374217875, 3.3845568783438793], [1.4593581260670405, 2.439283795403592, 1.4679130446695194], [0.627376753956162, 2.906385741577739, 3.332179021328728], [1.2920554367546238, 0.5234192309395647, 0.16416829981757078], [0.510033836122801, 3.806656355821954, 1.7403672258704053], [1.6117639603152596, 3.6674647299746534, 0.4132534504758567], [0.5658464345446491, 3.758528115250146, 3.346376437772689], [1.8691082411904907, 0.9437885786688085, 0.8823056500901156], [1.6889111664415755, 3.436159875051332, 2.0194425344497744], [0.3548181910200754, 1.5314626788008914, 0.41469226164893086], [0.2415319725461997, 2.7066754510850113, 2.1637207925025836], [0.31747196963759444, 3.214036253492518, 0.4079098876219548], [1.4075474760305118, 0.5570099866419458, 1.7528326599974304], [1.7890224269842034, 0.40994573759473674, 3.211139352901297], [1.6287899051882377, 1.8818690981647488, 3.808590870748679], [1.4372883985712925, 2.118626001545495, 0.3771910921178327], [0.6696776901002134, 0.6101276528347899, 3.592825678145485], [0.39566381968223063, 0.6071028363904887, 2.505305844578063], [0.33779327744021376, 1.8733647521698331, 3.339506409711426], [0.15647063757797405, 0.2641305543870607, 0.8798994051769159], [0.3138962051217619, 1.8239025121856487, 1.565506483126435], [3.6148610318766248, 1.8591813897278409, 2.430560750873331], [3.703653182122201, 3.3717535374217875, 3.3845568783438793], [3.4593581260670403, 2.439283795403592, 1.4679130446695194], [2.627376753956162, 2.906385741577739, 3.332179021328728], [3.292055436754624, 0.5234192309395647, 0.16416829981757078], [2.510033836122801, 3.806656355821954, 1.7403672258704053], [3.6117639603152596, 3.6674647299746534, 0.4132534504758567], [2.5658464345446492, 3.758528115250146, 3.346376437772689], [3.8691082411904905, 0.9437885786688085, 0.8823056500901156], [3.6889111664415752, 3.436159875051332, 2.0194425344497744], [2.354818191020075, 1.5314626788008914, 0.41469226164893086], [2.2415319725461997, 2.7066754510850113, 2.1637207925025836], [2.3174719696375945, 3.214036253492518, 0.4079098876219548], [3.407547476030512, 0.5570099866419458, 1.7528326599974304], [3.7890224269842037, 0.40994573759473674, 3.211139352901297], [3.6287899051882375, 1.8818690981647488, 3.808590870748679], [3.4372883985712925, 2.118626001545495, 0.3771910921178327], [2.6696776901002135, 0.6101276528347899, 3.592825678145485], [2.3956638196822304, 0.6071028363904887, 2.505305844578063], [2.337793277440214, 1.8733647521698331, 3.339506409711426], [2.156470637577974, 0.2641305543870607, 0.8798994051769159], [2.313896205121762, 1.8239025121856487, 1.565506483126435]]}