{"num": 77, "x": [[3.236403077237293, 3.463530623546299, 4.292747255183105], [3.7546060441935376, 4.491853415443849, 2.717691826491663], [4.532228536967284, 2.1424867263949605, 0.3354214741716412], [4.721734934347505, 3.5967239181842783, 0.7031921969891493], [1.377253217821997, 3.7384221236320765, 3.1613366314466123], [3.8204386623930207, 2.7061484118592003, 0.692528874297603], [4.1572647348677645, 4.719877685988774, 0.2021662383003995], [4.652249075260503, 0.5264026371491993, 0.46697034277589666], [0.5634890656761742, 0.1753242350646458, 0.7057596607098723], [2.083135395400367, 3.0823834397677885, 4.52570593488251], [0.5311975650642234, 4.3541647355169095, 1.3160007838250545], [0.3110364784252863, 2.544616456040313, 2.349418433069223], [2.663668878759126, 4.560408807002018, 0.7024154562667322], [4.530872389784637, 0.19205573131389037, 3.209646038633255], [3.1757062159921565, 0.7849925126365414, 4.7168312253849605], [3.40893364752071, 0.20870078413016777, 0.5301886787281047], [1.6214055499467273, 4.5355435458925175, 2.0716783450047522], [2.1784664567829912, 1.801292080862298, 0.8253998937572561], [4.547702886763955, 0.38169689858282696, 1.9781449678395153], [4.551702897762068, 4.5915033271942205, 1.4495379944219775], [4.213282296795226, 4.535025923541665, 3.6788286494371936], [3.274073365003308, 3.7419667301838713, 0.5057850138312772], [0.15082675910267077, 3.1926234826563933, 3.611157392477903], [0.2187202068698748, 0.8256980782011774, 2.0250216595044055], [0.4119988329003327, 1.983945192109351, 0.6296268251688004], [0.7533739212131279, 0.9664701140164859, 0.5371802287619256], [1.5982360786041356, 2.3269071542939517, 0.12127925242895522], [2.4341486290495014, 4.791150500472038, 3.385361693584911], [1.5032193694398843, 4.411068071549928, 4.466971978273487], [2.246050620385177, 4.693059913004168, 2.463878454595578], [2.9099306046476943, 1.9081559965896286, 3.356758446643354], [2.7536554511634277, 3.5520838431299677, 3.2430854457877905], [4.254537362042935, 2.8725162179327057, 3.2637778264316872], [0.552769273103475, 1.63700183493553, 3.408431039711123], [1.7102285308285414, 0.6318098437117233, 3.28096565867455], [1.6086856475239713, 2.384464100566946, 3.160961660570497], [3.2029894210158028, 2.3913283477197385, 4.72269042785634], [3.135786583337575, 0.5899583044776718, 3.746967187472075], [0.3347754785585559, 4.287684706818829, 4.655913476545449], [4.404755427982729, 0.5860362168012095, 4.608222429297572], [2.8356583952576253, 4.551589673418435, 4.513919395214188], [1.5167004804906328, 4.440693445010615, 0.565767964222583], [3.1222356626805388, 2.3500645949210694, 0.34290255780087164], [0.5801405734651129, 0.4585269394990619, 3.20276981532796], [4.579686609755593, 2.5288494874546528, 1.9059637877980815], [1.9221480440990941, 0.5632420599885695, 0.4493738805733196], [0.8440921046546764, 1.7487858164777974, 1.9569339308400995], [3.3090875748517767, 1.247929293774417, 0.46418940005458176], [1.8084673584647137, 1.6472878308668943, 4.495480734490296], [3.0927157617092367, 3.6927172202943415, 1.6361413876205768], [3.538507512365957, 1.6573418188078963, 2.0322754030957295], [1.651320182985776, 3.2957297347723733, 1.7956702063616037], [4.448548102963198, 1.5091842883817517, 3.4064001912590185], [3.4170567273509205, 4.437038617913115, 1.7290158527289774], [4.699525891942574, 2.093894955944663, 4.530602370560975], [0.6261809686849384, 0.48101736217614105, 4.476489308726419], [1.8861121980357092, 1.4652408792993252, 2.0082242580859466], [4.612219867254156, 1.5343711128394282, 2.498087835104308], [0.6050590538504663, 4.796565485134966, 3.2763808908001724], [0.7491721011000058, 2.944756065438296, 4.539880390664807], [1.7004063279161543, 3.3567964863392263, 0.23036168382693786], [0.35657550786592795, 3.005271831091531, 0.8535604906394056], [4.67608043084763, 1.2777244452226153, 1.220147536597724], [0.34305672647283014, 1.7499770765366065, 4.716773698145965], [4.8879239918251605, 4.159559865242537, 2.7533944278997646], [0.32252998339659184, 4.127660145074687, 2.1527542582968655], [4.370050125112615, 3.3160751811645257, 2.3089281769738244], [3.0293543025120333, 0.4040323117629808, 1.401251979475293], [3.9068789246233617, 1.6120855174137139, 4.077252580086856], [1.5499450808397761, 0.3536370277308908, 1.9758148355254923], [3.016029584642931, 0.5393032596036659, 2.6376995589749526], [4.37551259640127, 4.524044391706742, 4.641619909164457], [2.8832798622709395, 2.6469590900994375, 2.1173236275878127], [1.8660881206527002, 2.8854001050690745, 0.9903880047202189], [1.991134657735275, 0.4146704813147032, 4.448971174434232], [0.41251793933788855, 4.214018005747548, 0.3385850550559532], [4.479081768247605, 3.325730047699003, 4.3148023035396035]]}