{"num": 1, "x": [[0.4999999986725837, 0.4918324445262316]]}