{"num": 2, "x": [[0.5679615452801845, 1.5216877415665806], [0.5145220860636575, 0.5353783248004114]]}