{"num": 2, "x": [[0.47768323277216806, 0.6568494229453087], [0.4815207440993115, 2.2180970557723008]]}