{"num": 3, "x": [[0.49759846943727465, 0.734695195524971], [0.5592076287786825, 3.4278536671071], [0.4237390395956587, 2.147702736139412]]}