{"num": 3, "x": [[0.5290999400437605, 4.175715431990057], [0.4985234574982024, 0.8195411321937573], [0.49165804658423456, 2.5012145337856615]]}