{"num": 4, "x": [[0.49996767926341235, 2.499491546270482], [0.46038651158981897, 4.186367783145655], [0.5142827403593023, 0.8282418942472214], [0.6496639828820039, 5.812357085841981]]}