{"num": 5, "x": [[0.6183497254745322, 5.495697796220559], [0.37453906161865463, 3.791229666818446], [0.33870414805271626, 6.699655004467296], [0.29788208814468803, 2.2990204921133692], [0.6156172360913489, 0.7785086085774413]]}