{"num": 5, "x": [[0.4721261066014919, 2.4401754529507667], [0.5091337993833052, 0.8253996558407574], [0.4392341878296756, 5.757495408429316], [0.5679772878780069, 4.123631956641884], [0.6133718133215971, 7.424270223783421]]}