{"num": 6, "x": [[0.5680148116791858, 2.1263401079025286], [0.5498601350335666, 6.562793550483581], [0.6153574047284363, 0.7275523033812498], [0.5445793901051865, 3.4853201528703486], [0.4507884693648661, 5.0236968227437835], [0.4896683093582094, 8.18309278560375]]}