{"num": 4, "x": [[1.4646382333926802, 0.6105282420956932], [0.20833887801143927, 0.10216252693063986], [0.4171741814160394, 1.543168735441344], [1.7604405023075131, 1.6275879653319232]]}