{"num": 4, "x": [[0.5590536080292324, 2.2501966491972003], [1.6914708888302534, 2.282337638328778], [1.4813540409282553, 0.649091772359529], [0.47963424193559934, 0.8014101629556842]]}