{"num": 6, "x": [[0.4235239820586239, 0.45655586131402065], [1.6716172686650794, 3.711697505318757], [1.658074793972593, 0.6952230029055698], [0.5293521859123544, 1.9059148555164775], [1.587970128440421, 2.1867161842169023], [0.41560584006392876, 3.3154976696405685]]}