{"num": 6, "x": [[0.4676842756774961, 2.409380842040427], [1.5770603502862783, 2.614171227706461], [0.4082405944152867, 4.13271084552949], [1.513907357072532, 4.307412732246832], [1.5748918324784078, 0.8711055883535396], [0.5760137963142506, 0.7799968759673716]]}