{"num": 8, "x": [[1.4639217812816534, 1.981680201731518], [0.5422065327571124, 5.343388831822721], [0.38144363690042526, 0.8927319106477847], [1.6963205382260866, 5.125361376420395], [1.357352510013625, 3.5437471592478773], [1.743138477285768, 0.2202099052258049], [0.07784976928163123, 2.753036029719942], [0.884467614054754, 4.146332305311185]]}