{"num": 8, "x": [[0.3617401669425199, 0.9267507075097602], [0.4679599028197745, 4.58815529166308], [1.3587618223477607, 0.7650630273950393], [0.37679507505407517, 2.7817934674994955], [1.6389663253408966, 4.246528023298272], [0.6413546792470317, 6.234895886049865], [1.6464210147350031, 6.102613208177795], [1.558167984608767, 2.42122342009435]]}