{"num": 11, "x": [[0.5253899533195148, 7.770455374455738], [1.8366680035842013, 2.789838693045031], [0.4203729983917542, 7.280404373600045], [1.5024866450932508, 7.439958075574887], [0.5480593049801656, 2.20158912446552], [0.5929999729033237, 5.5964230125595], [0.49206579599192707, 0.5069740209450714], [0.4679170913712496, 3.9146957085656933], [1.912957089034724, 6.32970446058851], [1.7239115050191656, 0.9075509352207143], [1.554220476022076, 4.4685908402817445]]}