{"num": 11, "x": [[1.4713749853120717, 3.2844657413573164], [0.39625995070685444, 8.113982299117415], [0.24786937411017243, 0.9311353457459979], [1.4250057392934325, 8.254368327636177], [0.2964620249676434, 4.644773468872962], [1.3477495319207529, 0.2834720879536908], [0.2943158191431631, 2.799771747143471], [1.5867954317166917, 6.588422296160673], [1.4388041769469189, 1.7757154955185128], [1.5544805668043191, 4.84188739439015], [0.5114506626500518, 6.396619223592784]]}