{"num": 5, "x": [[2.17790410432737, 0.33706136881360055], [0.6066651368419463, 2.2435124789142757], [0.6130668269389661, 0.7450104063710635], [2.178946929975043, 2.671744749716635], [2.236016422743533, 1.4893928894711352]]}