{"num": 6, "x": [[0.7197424210041455, 3.3074337396619367], [2.2181101707580186, 0.6222947299125934], [0.7878487833053792, 1.9989357427181913], [2.211165523377505, 3.3862502884293555], [2.366556597376813, 2.015128692954142], [0.6855172709746529, 0.6591971389420905]]}