{"num": 8, "x": [[0.6825403836763171, 4.332706334567023], [2.297732289158269, 0.645837892328284], [0.4631150888682388, 1.950886708376142], [2.575220032607921, 3.007012366763876], [2.1935706722072563, 4.4429952454627255], [0.8580584339727796, 3.193148809704089], [0.810633992057009, 0.5415059107255521], [2.15921618626558, 1.7955931189513834]]}