{"num": 9, "x": [[2.2486450796363413, 4.1722226196927], [2.209171848580865, 5.42682748334388], [2.2316915825054022, 2.900529564118325], [2.246360298935508, 1.6221982205605892], [0.681395886783888, 5.306445870393551], [2.1412254648023414, 0.4720952250454825], [0.6229272817773402, 2.282140344421464], [0.6285402493510063, 3.832973894942503], [0.633318388097897, 0.7678178388643883]]}