{"num": 11, "x": [[0.7853520990052177, 0.6095299397052794], [0.738990311762555, 1.8897384232623704], [2.60488642859382, 1.45341633722536], [0.5037241765631645, 6.265938983516049], [2.086626567001454, 6.6069054235309785], [2.2823362285488993, 0.6851678188341113], [2.2977291628582783, 2.7600094277444924], [0.6177207562015645, 3.333569123881715], [2.302387638605637, 4.176122378827992], [0.6940794732372091, 4.826370948221526], [2.2644624229451926, 5.536694782256054]]}