{"num": 12, "x": [[0.7161615434448023, 4.312397982921395], [2.1877510353183904, 7.520334271555043], [0.669507453970705, 7.279580621053584], [0.6672734463782459, 2.9216900270627306], [2.3849035864336408, 3.5977761473452583], [0.8961617792677442, 0.3520457871474898], [2.239889435614778, 6.348743883002421], [0.6733981582203786, 1.474163143162832], [2.3692889979809464, 0.7412746227126743], [0.6042423301501096, 5.769966015668778], [2.293544920555619, 5.0534822045816545], [2.303499074767572, 2.1879073722629565]]}