{"num": 14, "x": [[2.327382860043356, 8.31879154172309], [2.4035449512962392, 6.816958866441746], [2.7225094763870237, 0.8540482914161938], [0.5522455821682315, 0.6569562263507689], [2.3019350133798615, 5.333263942460009], [1.7242449268847266, 0.8148958072819735], [0.6964030244685332, 3.117152549262308], [0.6259412853513897, 4.569744557895803], [0.7791875418170617, 7.263609001254948], [2.372089638142836, 2.4857199956010687], [0.7316869531068452, 5.994121808854806], [0.7295918159986253, 2.145907777680744], [0.7845218493233155, 8.467144765597057], [2.304893310772503, 3.9378433050190162]]}