{"num": 9, "x": [[3.3280867041740088, 1.9441056063667586], [1.8192452301988802, 2.2178522372042764], [1.6792829569829593, 3.6248683028719575], [0.5899643288008642, 1.4346932754684156], [3.674824796781319, 0.5804954782142658], [0.7806743762176744, 0.05425630433732445], [0.2970408573406891, 3.1554785425155334], [2.2239777335886233, 0.5660395554837225], [3.292397889253318, 3.3303622583976242]]}