{"num": 10, "x": [[2.0351206013154943, 1.580891525766939], [3.544809844327241, 4.118120446596448], [0.5563964808862975, 4.180939032464736], [0.590397620930378, 2.564400658482196], [3.5282733088954275, 2.362403409521034], [1.799236356868359, 0.4694334948349277], [2.110762691052018, 4.891363818473508], [0.4542241062888034, 0.8781838018730381], [3.3386652373811283, 0.7429607249727408], [2.124611727562633, 3.2757606340885985]]}