{"num": 12, "x": [[0.6270539242422024, 5.234365001502253], [1.9810826552047711, 5.333940377097498], [3.170150224402898, 0.551949458372758], [0.5181758252242523, 0.6869849430237006], [3.384896661214092, 1.8702146543643592], [3.594026962561943, 3.564927038000214], [0.5872046884011402, 2.345379655763792], [1.7874726560882437, 0.8306382352627733], [3.3646050024853587, 5.240375167966362], [2.4253180299106725, 4.079497743646393], [0.7461012203992745, 3.809560454513404], [2.0192440129135054, 2.5001382647110706]]}