{"num": 15, "x": [[1.7560793752568808, 3.883198256478801], [0.508558136334122, 0.3703159532170703], [0.5257089100107022, 4.6355667113714984], [3.249997840484985, 3.935854811494518], [0.435041707171382, 6.2797645132361195], [2.369100467506896, 2.318469458934356], [0.6047183687574181, 3.041091251311041], [3.2255558923052248, 6.6309311664129345], [2.001828055197378, 5.3635389915223985], [3.4121801780368215, 0.7571265329646953], [1.8572671456676217, 7.005268512401974], [0.7762074392014094, 1.6901335759687983], [2.1355272467612867, 0.6819346477599443], [3.590251153054119, 5.459166754277475], [3.869685253928148, 2.321612767351816]]}