{"num": 16, "x": [[2.1776939153564197, 3.8189254060776485], [0.5767039020472666, 0.3983802586825692], [0.5696514466168493, 5.9712321273923035], [3.481753387255552, 4.219290533705433], [0.7782438889997512, 7.390354849110494], [2.1640807500077464, 2.1498669125123246], [0.6535317622813821, 2.9930295125974786], [3.2507706556709826, 7.381554621732611], [2.054850603427069, 5.461148836947258], [3.58031662891013, 0.8552152878162887], [2.0193809159770875, 7.1255513268220465], [0.7595621972854101, 1.6195414283126466], [2.318640782257295, 0.5223127716676701], [3.4734864695720327, 5.899074621858383], [3.4960015288673763, 2.5535789740254646], [0.605101796294252, 4.380154595005971]]}