{"num": 18, "x": [[0.7228282854270296, 2.498958060132494], [3.545006831942894, 3.736371341965538], [0.5220961566063298, 4.0142949660451235], [3.365369253928845, 5.355032790518582], [3.277316028402446, 0.5736504042270997], [0.3001746396594501, 0.9142695387884575], [0.5987008338550727, 8.838774277025829], [2.0042574942693934, 4.797346705171262], [0.5051841355396021, 5.683787606474828], [0.6028705973122856, 7.297449508071018], [3.5641813629083376, 2.0003853607144118], [3.420140203616221, 6.880104692551994], [2.2043553205932804, 3.249078433116773], [1.999090389695328, 1.6710669564270473], [1.512463739202409, 0.15129357850909986], [3.58223246192092, 8.537073955356583], [1.9182434277174778, 6.526966507090203], [2.169576043709875, 8.215612391906944]]}