{"num": 13, "x": [[2.480682003352984, 4.793751000705142], [4.779815569697686, 2.76622296861586], [0.753956654394912, 4.345365289144592], [4.229918560035532, 4.368314648330469], [0.41658087825026224, 0.9064447475378983], [1.9260737753805413, 3.2973551398818968], [1.7591102820215885, 0.3345779997696548], [0.3354644499466703, 2.7534786535964435], [3.0728172507774993, 3.479033823824462], [4.560793986882481, 0.8955258839915285], [1.7387830507617095, 1.7548658096694094], [3.354331140127441, 0.6297629475725667], [3.3539898837065762, 2.0211109722721603]]}