{"num": 15, "x": [[4.158547009772778, 0.5345463246308113], [3.4687972918658665, 4.725656895702346], [0.8143852162964819, 0.5546081094685937], [1.6162497820090005, 2.1008140879777963], [4.692177363795767, 5.069327238911569], [3.334624598777229, 5.894626207299662], [0.1057964319123634, 2.1281388951312223], [4.2361806897203005, 3.47421676585849], [2.4251581620491236, 3.5371569454288645], [2.481593140671569, 0.5480096319571408], [4.738398119191778, 1.867214526590808], [0.5631984588329029, 5.2116962313855355], [3.28985847194588, 2.084039488797723], [0.774577225427259, 3.753649935163573], [1.7550382816990118, 5.190496725255456]]}