{"num": 18, "x": [[0.406076945002257, 0.9114648506104331], [2.9369418830289145, 3.61201131961123], [4.626611709489993, 0.8642970283246453], [1.7328091325019674, 3.397375804446648], [4.393803237165236, 3.8544269805168914], [0.5598483608130145, 6.2875688402785], [4.636385171549118, 5.306594269093872], [4.232237541274126, 2.424742038615058], [2.216695033195684, 6.742994712074941], [3.267083267758562, 5.35159449102794], [2.937367313558803, 1.8784024453511694], [0.37857793969308906, 4.538087532720787], [3.347729860469858, 0.6018917487633707], [1.7773760304955748, 0.26444791195493167], [1.823532575850756, 5.1172013010683335], [0.21742402695233487, 2.7975203877654224], [4.087759891866038, 6.624610782000909], [1.5368372339638021, 1.7060973349647237]]}