{"num": 20, "x": [[1.8306930551638716, 3.1989747017309655], [0.7262890205150352, 0.6367478898331338], [0.40094257077115975, 5.803160841251994], [4.221020118936978, 4.790696674059935], [0.7368272226270383, 7.384285146179517], [3.171066216409073, 3.1710401693491637], [0.2437571378965842, 3.1060870563888963], [4.19255460449098, 7.418139653106115], [3.2611418643066434, 6.395385607855343], [4.139453101806375, 0.5084981928789767], [2.4488084374790464, 7.652965475308913], [0.904737214389848, 1.7157690928063862], [2.3795755432836097, 0.4336676870635609], [4.3329558427273716, 6.0908233159022025], [4.387265955278643, 3.3777247722159918], [0.912374726421539, 4.479273589257977], [4.412270795406187, 1.8172316271065412], [2.638838970175873, 1.722450389009453], [2.701021477622367, 4.743876876911391], [1.687777324788069, 6.030742310085498]]}