{"num": 23, "x": [[3.049217589792288, 1.933311716867171], [1.8520793488539757, 4.880801891077816], [4.325483241640644, 3.980491627703296], [4.3355527343939615, 5.464224131225105], [4.051695393689741, 8.754291303196277], [2.6910950815802526, 0.2555984095786818], [4.154528421890179, 7.9193346603902715], [2.9428885589317635, 5.338684869519312], [1.6241115819981717, 3.2151903205309202], [2.3099425997819, 8.386116887489507], [4.197744470037311, 6.803071418778868], [1.4889655314971253, 1.6709364069342636], [1.6512315705329397, 6.750643792911133], [2.7709979389682036, 7.033773631556499], [0.8479380351567717, 0.47176516891400394], [3.172686976719417, 3.5375470925953025], [0.735435251526051, 5.20694481874212], [0.33374879157547166, 3.6271711456367166], [4.605192240686722, 2.3247229175585424], [0.0883056490044069, 6.866162445540027], [0.7794894411228159, 8.375847498503104], [0.10177041648163551, 1.9695806990860645], [4.332387362114029, 0.7344301781964265]]}