{"num": 18, "x": [[2.3252240961048742, 3.913976687244107], [3.659920860825788, 5.252439652554883], [5.329387973377729, 1.4284291891206595], [0.7556272493542356, 1.679337405210914], [5.328083164803573, -0.01681590839374981], [5.369862358424641, 2.924754043095065], [0.7221794951066177, 2.9700386259547087], [3.757623873620489, 2.028026700897629], [5.153608261684438, 5.508795781997675], [5.259565405013008, 4.34197572390847], [0.8918414858237105, 4.051329082168061], [2.3283444963659163, 2.390312286924886], [2.1336079217077204, 5.532941349907314], [3.7426059940322567, 0.5044793717668805], [2.2786903420721165, 0.7817913882272218], [3.8375437112421924, 3.610990246640146], [0.6157599226624363, 5.252859964454106], [0.7987808952381981, 0.46054046461099735]]}