{"num": 21, "x": [[3.6928330910681155, 6.322136245876839], [5.271059656078346, 5.313800548314963], [5.140948320661631, 0.5024486019714499], [0.5584977362558169, 1.4547008174325704], [3.4921649526241745, 3.3779205059872464], [3.522343958778147, 0.6505149105536926], [2.1277478918267954, 2.1316595731970285], [2.2807485399426146, 0.8670912233703264], [2.1923559221193787, 6.404317499941287], [5.650121117336317, 1.6872749227099806], [1.9835160456396936, 5.086340916852527], [0.8270869319116252, 0.1975878581623821], [0.6887226019941867, 6.310160498589681], [3.875773698601298, 1.9501184525107946], [0.5512419375172012, 3.0685893452854347], [5.4007412135256905, 6.781148399580085], [1.9704317621673944, 3.8078209368045703], [3.5049268007660825, 4.926602877343965], [0.4038298743926875, 4.776407871228097], [5.117512761425737, 4.283827622548726], [5.288079416824843, 3.1287978735749262]]}