{"num": 24, "x": [[5.638429691074453, 2.1857525502189428], [0.916725933288762, 7.613999212172855], [2.424955550571163, 1.5947335317592386], [4.389767995995871, 7.509535829503622], [4.122084377155784, 4.222559537621644], [3.3691733866175193, 2.627150123205435], [0.8140757281342021, 4.885411411825435], [2.6943991841073403, 5.32787584900556], [5.432048414617544, 3.9277241233587468], [5.34374199206876, 5.488650248756922], [0.4413503004623802, 6.347008507236776], [4.539270592643554, 2.367378485643663], [5.233660803746442, 0.6246354054415302], [0.22686192357924617, 3.34572578909967], [0.5771557960062214, 0.5836539965820836], [0.7576912663107518, 1.7309278595863151], [1.7154463604588934, 3.1876894245653062], [5.54477112635911, 7.117891305440555], [3.8294977280729205, 0.7286840718624872], [2.6794297266797744, 7.471283060484678], [3.9390354280747495, 6.05868117522033], [2.4930628893219495, 4.148856564816712], [2.2653471765935524, 0.4432719951094178], [2.139930605765105, 6.228166770863936]]}