{"num": 27, "x": [[5.4930207344431885, 3.116634853839646], [0.7624491376126197, 8.410308239402044], [2.100454439168342, 1.348928300335708], [5.810642176142038, 8.711258562982461], [3.5736691307972728, 4.803389928628542], [3.55062914255298, 2.068769521878631], [0.7989379468703846, 5.329951486421681], [3.4717397544439663, 7.2609393768591195], [5.217618520249167, 4.533533770236503], [5.845308731406778, 6.067638877534889], [0.25472159910538456, 6.845043002282299], [3.868092161959443, 3.2991243109893342], [5.141724220040387, 1.8403683602841983], [0.4781783759974911, 3.906994864946639], [0.5150612444362881, 0.8332622134668215], [0.6940620316152156, 2.3620779979147524], [2.1462628763939673, 3.084319705682796], [5.22044290222988, 7.6299871379356095], [3.7878135499247034, 0.5459885094890581], [2.243203774612867, 8.352680923172347], [4.329503115930213, 6.089202451127063], [2.23031040099421, 4.307247654571189], [2.002365912580011, 0.14061971722799288], [1.7349316221554303, 6.796689247652317], [5.30280332870114, 0.6875964837622682], [2.601107320779713, 5.677276035534002], [3.928516090462035, 8.757540262370583]]}