{"num": 25, "x": [[6.679248245381638, 3.8517538842695638], [0.8394522274868824, 6.505056311554073], [2.7777067752433475, 4.894592757238251], [3.65615197181838, 6.469368781076531], [3.9474943359226393, 3.4893897148676527], [3.4543867871571425, 0.7282208841903082], [0.14538885491079306, 5.103451601351978], [4.895805586595398, 2.0018022217728997], [1.6059165788008811, 5.082725274270074], [4.917558895863068, 0.5200028585057259], [2.059289702974724, 0.5865272349432831], [6.598658648981172, 6.446972460477513], [0.7708809684835917, 3.6209185646958004], [5.061809236377811, 6.356425555540695], [0.6145167479828961, 0.7312196089667914], [6.385401599120093, 0.7310141718347344], [2.440798270238265, 3.77014103325345], [3.1912965387440315, 2.0968121985280423], [1.7776921588264027, 2.226104756528121], [0.3406323513609226, 2.3288716454659855], [6.183063433651444, 5.163390844726641], [4.382948972406235, 5.026730680924202], [5.25281750265752, 3.7255987101075316], [2.534768593119281, 6.516803980351538], [6.341101010346162, 2.2135983585512427]]}