{"num": 28, "x": [[5.172737856603562, 4.601364437296112], [6.408144169333812, 7.251777218151253], [6.522411020045868, 3.7292113970610608], [4.802654291138641, 2.983701040873977], [0.577846073098456, 7.235312309358208], [6.279157231659412, 2.1637360265650383], [2.223396320786962, 4.138411805194082], [2.849863610919489, 5.75374587369822], [3.4092614057566997, 0.4889819009329682], [4.931545631964134, 7.426279452242698], [1.9997066082151012, 7.479837399551768], [0.6102209865165843, 0.7069125271393751], [1.9165685145015423, 0.7794937240399024], [0.626315866989718, 3.664020196330595], [5.225190049868, 6.182655242149566], [1.4200382909488458, 6.438032149387873], [3.197059285633914, 2.1802824492478186], [3.5623177097486085, 3.941065186938713], [3.517156438059475, 7.255296034816231], [0.1267080521562019, 5.4319671478124985], [1.5556428002323117, 5.2469050606823755], [5.0063405245504615, 0.659147511779083], [6.657757389229515, 5.509731348866237], [0.7149576459716499, 2.189775168807565], [4.012743144681996, 5.692978110330632], [2.1521883959319887, 2.5546550388418954], [4.573264734593003, 1.8274693769830734], [6.350430049662151, 0.7454001030351176]]}