{"num": 32, "x": [[0.4663854935117042, 0.8199520535358432], [5.123894580969072, 5.490698986597633], [6.3461113534158615, 0.7313682615267663], [2.1508660701923796, 3.616606957457662], [6.329785280283325, 4.0493636411201095], [0.9014729067226342, 8.607257527380035], [6.5256989598452675, 5.623752035720055], [4.877539545055677, 3.825371558697593], [2.6458107486796756, 8.621184102986906], [3.6522917655002405, 6.415300925378979], [4.004143711781672, 1.855027590912769], [0.3498155504971187, 7.299057890995097], [4.991505524317846, 0.5669917764158208], [3.394790782939269, 0.5389702667854875], [3.904190535663991, 7.360570899145313], [0.5124250653402194, 3.6464036954181727], [6.134273586672205, 8.56178383122307], [2.3234857224597825, 2.0871459533959005], [0.07856069140028883, 5.395031782190588], [1.7972323843814597, 0.5984993756397018], [0.8123255654044579, 2.244412965779614], [5.263592409594991, 7.089481231399488], [2.130100840486818, 7.24677729062216], [4.44507787885254, 8.572241048371026], [5.474516979214553, 2.336291948548846], [3.5750037722020855, 4.804802913916477], [6.685993155101083, 2.394337281347029], [3.7572416459347147, 3.2670639727003286], [1.2360262216486004, 4.795150476181554], [1.125847045545353, 6.118690743914376], [6.588508036468668, 7.306701437677883], [2.531341440630665, 5.449080257293028]]}