{"num": 32, "x": [[7.489445203747763, 3.808547992603643], [2.2073970895857813, 7.17717853247442], [3.8607602754740578, 6.35042623999691], [5.397790295237203, 7.434766583177052], [4.7751007735074165, 3.510028548733808], [4.902154073096529, 1.6480038461553803], [0.5802640702950435, 6.215138773853861], [6.099316017745826, 2.4646585299030743], [2.2116990606537175, 5.736158932703207], [4.734845715267746, 0.3775655884392108], [3.2765217591191482, 0.7123403845182233], [7.098557211241809, 7.621891292296224], [0.7684793274917265, 3.373693221292851], [7.50281556271593, 6.606133230632198], [0.5359794094579827, 0.7278821371029495], [7.516895257984978, 0.48916510725999607], [3.619035042239109, 4.797026879020773], [3.696915616798771, 2.1270575913874645], [2.1189971805620407, 2.211520886293995], [0.622294789734085, 1.9926828745567424], [7.179391905280536, 5.204420746527347], [5.259770526588213, 5.151238493302578], [6.109537884406587, 4.090051017054853], [0.8365622689306169, 7.476004841143518], [7.432623608283375, 2.157747543718189], [0.6742822138680242, 4.695653941420467], [3.6599216497646254, 7.684496722945604], [3.143956839340802, 3.4422729128513163], [2.0481419073265443, 4.049220134350239], [5.715051610763369, 6.263588726634732], [6.191786350954993, 0.7253249599802893], [1.9444553465328258, 0.6294756514298593]]}