{"num": 35, "x": [[3.9908390541495518, 6.679434234619298], [4.947517296684479, 2.164854752730127], [6.245586125466171, 0.7838847664032081], [0.49727953639830147, 0.8505778531696226], [4.4762365671684, 8.262924053539354], [3.620984892719669, 0.7534591609911921], [7.33569028399149, 7.129666736897675], [3.428476574015577, 2.0485475968979276], [0.5799147435339271, 4.275500612080893], [3.8267909276636956, 5.239034889065852], [5.620391730616172, 6.7876029132399935], [1.885747920252875, 1.743246137515574], [7.428341433157302, 0.7351386178801309], [2.3068024367813234, 4.939586832447444], [2.5092468889920627, 0.3095040056882387], [2.008578204166276, 0.056384615671866124], [3.2040560395428415, 8.212669390447758], [7.217557247651117, 5.761723205211386], [4.868399459650322, 0.38954828185910295], [6.416419923355363, 2.4538081937492375], [5.468603604819143, 5.405677192055269], [5.781610541687251, 8.227697263021005], [0.7648547034905637, 5.729120995428132], [3.664698920890566, 3.593390226583076], [6.560189421217803, 4.150936650592073], [0.7611157045093451, 6.997567960687971], [5.113445839398857, 3.8518900383173063], [2.016626877353341, 8.19357905820963], [2.42889311062463, 6.524032480852442], [0.4533993909908157, 2.6056617237065187], [7.573069556599752, 4.2513424389072725], [7.229895933565562, 8.510456163301486], [0.6601034056682282, 8.391499128562433], [2.0572418343297705, 3.3792101867445417], [7.5611048120739905, 2.4504567778610613]]}