{"num": 40, "x": [[5.384223890869418, 2.0454742053215997], [4.266983160932538, 3.3963740098443367], [8.621866934735687, 4.8750745405921725], [7.264644033452645, 4.994531306887626], [6.913735804957832, 8.615073147990417], [4.60907668861305, 0.5456388205471359], [8.438161381529738, 8.203414688846708], [4.536309186672878, 5.219052735590581], [2.6440034502220717, 3.333858272046938], [5.740927462620847, 7.305661142607506], [8.399369369516474, 6.5773504132014144], [2.006332157714352, 1.605257605433953], [1.9030440683150007, 5.028686981271799], [5.961933105218232, 5.612052569296122], [2.8458866268790035, 0.36823769246222465], [7.0912461726434355, 1.8659557473017034], [0.9348499279629258, 4.125896534654982], [0.7418168721900662, 3.557162107388152], [8.730273274725937, 1.7542531621160111], [0.2312536684863609, 5.355356730891963], [5.214791728157393, 8.378143678052007], [0.34426512730701436, 1.4930083340110734], [8.093297933681347, 0.38244013339278143], [2.041482650474011, 7.693135304478867], [0.9710473945782016, 2.6657431895507053], [2.160318671350882, 8.948747201193541], [6.780347350259578, 3.3329471389992555], [6.305648743641155, 0.49730915673127946], [0.45380197899615976, 8.76391586260357], [0.48430179941164386, 7.199751405104102], [4.3681444402399725, 6.6382479395957406], [0.9506323119458533, 0.2500589400089876], [3.4062786779932557, 4.945380233613606], [7.2910089082225795, 6.850199734884982], [5.714056250696684, 3.879826585643956], [8.216323772052704, 3.335074942373382], [3.7932324810079217, 8.23247417267551], [2.966189322815673, 6.585506762213126], [3.5952007333808536, 1.9119679343942058], [1.1869715920481394, 6.224836015194792]]}